acc_id,obs_id,title,species_accepted,genus_accepted,family_accepted,order_accepted,class_accepted,pld_av_comp_effectsize_d,pld_av_comp_effect_sd,pld_av_mort_effectsize_d,pld_av_mort_effect_sd,spawn_mode,biogeog_realm,latmin,latmax,lonmin,lonmax,growth_form,growth_form_cat
A_3181,A_3181,Limited acclimation of early life stages of the coral Seriatopora hystrix from mesophotic depth to shallow reefs,Seriatopora hystrix,Seriatopora,Pocilloporidae,Scleractinia,Hexacorallia,0.5546569,0.04559758,NA,NA,brooding,Central Indo-Pacific,26.621,26.685,127.845,127.879,branching_closed,branching
A_1382,A_1382,Reproductive biology of the deep brooding coral Seriatopora hystrix: Implications for shallow reef recovery,Seriatopora hystrix,Seriatopora,Pocilloporidae,Scleractinia,Hexacorallia,0.9426934,0.06173332,NA,NA,brooding,Central Indo-Pacific,26.67,26.67,127.865,127.865,branching_closed,branching
A_1849,A_1849,UV-A induced delayed development in the larvae of coral Seriatopora caliendrum,Seriatopora caliendrum,Seriatopora,Pocilloporidae,Scleractinia,Hexacorallia,2.058824,0.05882353,NA,NA,brooding,Central Indo-Pacific,21.938,21.938,120.746,120.746,branching_closed,branching
A_3346,A_3346,Effects of Light Pollution on the Early Life Stages of the Most Abundant Northern Red Sea Coral,Stylophora pistillata,Stylophora,Pocilloporidae,Scleractinia,Hexacorallia,3.169697,0.08629473,NA,NA,brooding,Western Indo-Pacific,29.502,29.502,34.917,34.917,branching_closed,branching
A_0636,A_0636_02,Assessment of Mesophotic Coral Ecosystem Connectivity for Proposed Expansion of a Marine Sanctuary in the Northwest Gulf of Mexico: Larval Dynamics,Montastraea cavernosa,Montastraea,Montastraeidae,Scleractinia,Hexacorallia,4.4,0.244949,NA,NA,broadcasting,Temperate Northern Atlantic,18,30,-98,-80,massive,domed
A_1347,A_1347_01,The Combined Effects of Increased Temperature and Ocean Acidification on the Early Life History Stages of Caribbean Coral and Its Implications for the Recovery Potential of Florida Reefs,Orbicella faveolata,Orbicella,Merulinidae,Scleractinia,Hexacorallia,5.871148,0.08406141,5.649716,0.02382731,broadcasting,Tropical Atlantic,25.13855,25.13855,-80.29483,-80.29483,massive,domed
A_1969,A_1969_02,The role of variability in the ecology and evolution of corals,Pocillopora damicornis,Pocillopora,Pocilloporidae,Scleractinia,Hexacorallia,5.823902,0.2528553,NA,NA,brooding,Eastern Indo-Pacific,NA,NA,NA,NA,branching_closed,branching
A_1631,A_1631_02,"Physiological and morphological plasticity in Stylophora pistillata larvae from Eilat, Israel, to shallow and mesophotic light conditions",Stylophora pistillata,Stylophora,Pocilloporidae,Scleractinia,Hexacorallia,7.285714,2.168105,NA,NA,brooding,Western Indo-Pacific,29.502,29.502,34.917,34.917,branching_closed,branching
A_1631,A_1631_01,"Physiological and morphological plasticity in Stylophora pistillata larvae from Eilat, Israel, to shallow and mesophotic light conditions",Stylophora pistillata,Stylophora,Pocilloporidae,Scleractinia,Hexacorallia,7.583851,0.3704495,NA,NA,brooding,Western Indo-Pacific,29.502,29.502,34.917,34.917,branching_closed,branching
A_1969,A_1969_01,The role of variability in the ecology and evolution of corals,Favia fragum,Favia,Faviidae,Scleractinia,Hexacorallia,7.862114,0.1855433,NA,NA,brooding,Tropical Atlantic,NA,NA,NA,NA,massive,domed
A_0731,A_0731,"Laboratory observations of larval behavior and metamorphosis in the mediterranean solitary coral Balanophyllia europaea (Scleractinia, Dendrophylliidae)",Balanophyllia europaea,Balanophyllia,Dendrophylliidae,Scleractinia,Hexacorallia,6.9,0.8,NA,NA,brooding,Temperate Northern Atlantic,43.47333,43.47333,10.33333,10.33333,massive,domed
A_0268,A_0268_01,Larval dispersal patterns and connectivity of Acropora on Florida's Coral Reef and its implications for restoration,Acropora cervicornis,Acropora,Acroporidae,Scleractinia,Hexacorallia,22.56,1.187176922,NA,NA,broadcasting,Tropical Atlantic,24.338,27.215,-83.107,-79.868,branching_open,branching
A_3171,A_3171,Early life stages of a Mediterranean coral are vulnerable to ocean warming and acidification,Astroides calycularis,Astroides,Dendrophylliidae,Scleractinia,Hexacorallia,25.92857,5.013455,NA,NA,brooding,Temperate Northern Atlantic,40.692,40.692,13.893,13.893,domed,domed
A_1224,A_1224_02,Embryo and larval biology of the deep-sea octocoral Dentomuricea aff. meteor under different temperature regimes,Dentomuricea meteor,Dentomuricea,Acanthogorgiidae,Malacalcyonacea,Octocorallia,28.38462,0.7707677,17.27566,0.6099351,broadcasting,Temperate Northern Atlantic,38.4,38.63,-29.26,-28.85,erect branched,erect branched
A_1224,A_1224_01,Embryo and larval biology of the deep-sea octocoral Dentomuricea aff. meteor under different temperature regimes,Dentomuricea meteor,Dentomuricea,Acanthogorgiidae,Malacalcyonacea,Octocorallia,28.69748,0.6698754,13.97167,0.6587783,broadcasting,Temperate Northern Atlantic,38.4,38.63,-29.26,-28.85,erect branched,erect branched
A_3306,A_3306_02,Survive or swim: different relationships between migration potential and larval size in three sympatric Mediterranean octocorals,Paramuricea clavata,Paramuricea,Acanthogorgiidae,Malacalcyonacea,Octocorallia,28.8659,0.6444763,36.02064,0.4158322,brooding,Temperate Northern Atlantic,42.107,42.592,3.038,3.543,erect branched,erect branched
A_0469,A_0469,Larval behavior and settlement dynamics of a ubiquitous Caribbean octocoral and its implications for dispersal,Antillogorgia americana,Antillogorgia,Gorgoniidae,Malacalcyonacea,Octocorallia,35.58109,0.382544,NA,NA,brooding,Tropical Atlantic,24.77833,24.77833,-80.73583,-80.73583,erect branched,erect branched
A_3306,A_3306_01,Survive or swim: different relationships between migration potential and larval size in three sympatric Mediterranean octocorals,Eunicella singularis,Eunicella,Eunicellidae,Malacalcyonacea,Octocorallia,46.59864,1.461094,32.02724,0.2251148,brooding,Temperate Northern Atlantic,42.107,42.592,3.038,3.543,erect branched,erect branched
A_0693,A_0693_01,Increased local retention of reef coral larvae as a result of ocean warming,Cyphastrea japonica,Cyphastrea,Merulinidae,Scleractinia,Hexacorallia,3.1413,0.0689,10.05765,1.041412,broadcasting,Central Indo-Pacific,26.6,26.7,127.8,127.9,submassive,domed
A_0693,A_0693_02,Increased local retention of reef coral larvae as a result of ocean warming,Favites stylifera,Favites,Merulinidae,Scleractinia,Hexacorallia,4.6904,0.1556,NA,NA,broadcasting,Central Indo-Pacific,26.6,26.7,127.8,127.9,submassive,domed
A_0693,A_0693_03,Increased local retention of reef coral larvae as a result of ocean warming,Acropora millepora,Acropora,Acroporidae,Scleractinia,Hexacorallia,5.685,0.0842,NA,NA,broadcasting,Central Indo-Pacific,-18.68,-18.56,146.48,146.52,corymbose,branching
A_0062,A_0062_01,Larval precompetency and settlement behaviour in 25 Indo-Pacific coral species,Acropora austera,Acropora,Acroporidae,Scleractinia,Hexacorallia,17.41987,0.4234889,NA,NA,broadcasting,Central Indo-Pacific,-23.17833,-18.73444,146.57972,150.94806,branching_open,branching
A_0062,A_0062_02,Larval precompetency and settlement behaviour in 25 Indo-Pacific coral species,Acropora glauca,Acropora,Acroporidae,Scleractinia,Hexacorallia,17.98148,0.3358939,NA,NA,broadcasting,Central Indo-Pacific,-23.17833,-18.73444,146.57972,150.94806,tables_or_plates,plating
A_0062,A_0062_03,Larval precompetency and settlement behaviour in 25 Indo-Pacific coral species,Acropora hyacinthus,Acropora,Acroporidae,Scleractinia,Hexacorallia,28.11111,0.6336274,NA,NA,broadcasting,Central Indo-Pacific,-23.17833,-18.73444,146.57972,150.94806,tables_or_plates,plating
A_0062,A_0062_04,Larval precompetency and settlement behaviour in 25 Indo-Pacific coral species,Acropora intermedia,Acropora,Acroporidae,Scleractinia,Hexacorallia,11.57618,0.2316214,NA,NA,broadcasting,Central Indo-Pacific,-23.17833,-18.73444,146.57972,150.94806,branching_open,branching
A_0062,A_0062_05,Larval precompetency and settlement behaviour in 25 Indo-Pacific coral species,Acropora longicyathus,Acropora,Acroporidae,Scleractinia,Hexacorallia,12.03838,0.2373137,NA,NA,broadcasting,Central Indo-Pacific,-23.17833,-18.73444,146.57972,150.94806,hispidose,branching
A_0062,A_0062_06,Larval precompetency and settlement behaviour in 25 Indo-Pacific coral species,Acropora loripes,Acropora,Acroporidae,Scleractinia,Hexacorallia,11.68468,0.2062933,NA,NA,broadcasting,Central Indo-Pacific,-23.17833,-18.73444,146.57972,150.94806,corymbose,branching
A_0062,A_0062_07,Larval precompetency and settlement behaviour in 25 Indo-Pacific coral species,Acropora microphthalma,Acropora,Acroporidae,Scleractinia,Hexacorallia,26.79518,0.3851333,NA,NA,broadcasting,Central Indo-Pacific,-23.17833,-18.73444,146.57972,150.94806,branching_open,branching
A_0062,A_0062_08,Larval precompetency and settlement behaviour in 25 Indo-Pacific coral species,Acropora millepora,Acropora,Acroporidae,Scleractinia,Hexacorallia,13.36765,0.23517,NA,NA,broadcasting,Central Indo-Pacific,-23.17833,-18.73444,146.57972,150.94806,corymbose,branching
A_0062,A_0062_09,Larval precompetency and settlement behaviour in 25 Indo-Pacific coral species,Acropora muricata,Acropora,Acroporidae,Scleractinia,Hexacorallia,31.57534,0.4589771,NA,NA,broadcasting,Central Indo-Pacific,-23.17833,-18.73444,146.57972,150.94806,branching_open,branching
A_0062,A_0062_10,Larval precompetency and settlement behaviour in 25 Indo-Pacific coral species,Acropora kenti,Acropora,Acroporidae,Scleractinia,Hexacorallia,14.48649,0.4523118,NA,NA,broadcasting,Central Indo-Pacific,-23.17833,-18.73444,146.57972,150.94806,branching,branching
A_0062,A_0062_11,Larval precompetency and settlement behaviour in 25 Indo-Pacific coral species,Montipora aequituberculata,Montipora,Acroporidae,Scleractinia,Hexacorallia,13.54514,0.320405,NA,NA,broadcasting,Central Indo-Pacific,-23.17833,-18.73444,146.57972,150.94806,laminar,plating
A_0062,A_0062_12,Larval precompetency and settlement behaviour in 25 Indo-Pacific coral species,Montipora digitata,Montipora,Acroporidae,Scleractinia,Hexacorallia,19.14286,0.6989518,NA,NA,broadcasting,Central Indo-Pacific,-23.17833,-18.73444,146.57972,150.94806,branching_open,branching
A_0062,A_0062_13,Larval precompetency and settlement behaviour in 25 Indo-Pacific coral species,Diploastrea heliopora,Diploastrea,Diploastraeidae,Scleractinia,Hexacorallia,14.57411,0.382936,NA,NA,broadcasting,Central Indo-Pacific,-23.17833,-18.73444,146.57972,150.94806,massive,domed
A_0062,A_0062_14,Larval precompetency and settlement behaviour in 25 Indo-Pacific coral species,Galaxea fascicularis,Galaxea,Euphylliidae,Scleractinia,Hexacorallia,17.58023,0.3697425,NA,NA,broadcasting,Central Indo-Pacific,-23.17833,-18.73444,146.57972,150.94806,massive,domed
A_0062,A_0062_15,Larval precompetency and settlement behaviour in 25 Indo-Pacific coral species,Lobophyllia corymbosa,Lobophyllia,Lobophylliidae,Scleractinia,Hexacorallia,13.27027,1.103263,NA,NA,broadcasting,Central Indo-Pacific,-23.17833,-18.73444,146.57972,150.94806,massive,domed
A_0062,A_0062_16,Larval precompetency and settlement behaviour in 25 Indo-Pacific coral species,Lobophyllia hemprichii,Lobophyllia,Lobophylliidae,Scleractinia,Hexacorallia,10.55556,0.4548679,NA,NA,broadcasting,Central Indo-Pacific,-23.17833,-18.73444,146.57972,150.94806,massive,domed
A_0062,A_0062_17,Larval precompetency and settlement behaviour in 25 Indo-Pacific coral species,Dipsastraea matthaii,Dipsastraea,Merulinidae,Scleractinia,Hexacorallia,18.82656,0.6511975,NA,NA,broadcasting,Central Indo-Pacific,-23.17833,-18.73444,146.57972,150.94806,massive,domed
A_0062,A_0062_18,Larval precompetency and settlement behaviour in 25 Indo-Pacific coral species,Dipsastraea pallida,Dipsastraea,Merulinidae,Scleractinia,Hexacorallia,14.70213,0.628523,NA,NA,broadcasting,Central Indo-Pacific,-23.17833,-18.73444,146.57972,150.94806,massive,domed
A_0062,A_0062_19,Larval precompetency and settlement behaviour in 25 Indo-Pacific coral species,Goniastrea retiformis,Goniastrea,Merulinidae,Scleractinia,Hexacorallia,7.558061,0.1351981,NA,NA,broadcasting,Central Indo-Pacific,-23.17833,-18.73444,146.57972,150.94806,massive,domed
A_0062,A_0062_20,Larval precompetency and settlement behaviour in 25 Indo-Pacific coral species,Mycedium elephantotus,Mycedium,Merulinidae,Scleractinia,Hexacorallia,17.08212,0.6006756,NA,NA,broadcasting,Central Indo-Pacific,-23.17833,-18.73444,146.57972,150.94806,laminar,plating
A_0062,A_0062_21,Larval precompetency and settlement behaviour in 25 Indo-Pacific coral species,Oulophyllia crispa,Oulophyllia,Merulinidae,Scleractinia,Hexacorallia,19.00916,0.5555371,NA,NA,broadcasting,Central Indo-Pacific,-23.17833,-18.73444,146.57972,150.94806,massive,domed
A_0062,A_0062_22,Larval precompetency and settlement behaviour in 25 Indo-Pacific coral species,Platygyra daedalea,Platygyra,Merulinidae,Scleractinia,Hexacorallia,11.67714,0.2355101,NA,NA,broadcasting,Central Indo-Pacific,-23.17833,-18.73444,146.57972,150.94806,massive,domed
A_0062,A_0062_23,Larval precompetency and settlement behaviour in 25 Indo-Pacific coral species,Porites cylindrica,Porites,Poritidae,Scleractinia,Hexacorallia,15.06948,0.2860713,NA,NA,broadcasting,Central Indo-Pacific,-23.17833,-18.73444,146.57972,150.94806,encrusting_long_uprights,branching
A_0062,A_0062_24,Larval precompetency and settlement behaviour in 25 Indo-Pacific coral species,Porites lobata,Porites,Poritidae,Scleractinia,Hexacorallia,13.63611,0.2709823,NA,NA,broadcasting,Central Indo-Pacific,-23.17833,-18.73444,146.57972,150.94806,massive,domed
A_0062,A_0062_25,Larval precompetency and settlement behaviour in 25 Indo-Pacific coral species,Pachyseris speciosa,Pachyseris,Pachyseridae,Scleractinia,Hexacorallia,4.588235,0.07022882,NA,NA,broadcasting,Central Indo-Pacific,-23.17833,-18.73444,146.57972,150.94806,laminar,plating
A_1389,A_1389,"Opportunistic observations of reproductive mode, larval settlement and development of a New Zealand deep-sea stony coral, Goniocorella dumosa",Goniocorella dumosa,Goniocorella,Caryophylliidae,Scleractinia,Hexacorallia,2.857143,0.8571429,NA,NA,brooding,Temperate Australasia,-43.37,-43.37,179.4515,179.4515,branching,branching
A_2457,A_2457,A glimmer of hope for an Endangered temperate soft coral: the first observations of reproductive strategies and early life cycle of Dendronephthya australis (Octocorallia: Malacalcyonacea),Dendronephthya australis,Dendronephthya,Nephtheidae,Malacalcyonacea,Octocorallia,25.314,0.5175298,NA,NA,broadcasting,Temperate Australasia,-32.833,-32.583,152,152.25,erect branched,erect branched
A_0050,A_0050,Global warming decreases connectivity among coral populations,Acropora millepora,Acropora,Acroporidae,Scleractinia,Hexacorallia,7.12,0.2244898,66.49047,4.030865,broadcasting,Central Indo-Pacific,-24.919,-19.459,148.58,152.773,corymbose,branching
A_3212,A_3212,Early development of the threatened coral Acropora cervicornis.xlsx,Acropora cervicornis,Acropora,Acroporidae,Scleractinia,Hexacorallia,9.22604,0.02994615,NA,NA,broadcasting,Tropical Atlantic,10.1713,10.17667,-75.77194,-75.76234,branching_open,branching
A_0966,A_0966_01,Depth-dependent parental effects create invisible barriers to coral dispersal,Stylophora pistillata,Stylophora,Pocilloporidae,Scleractinia,Hexacorallia,2.11646,0.1382611,NA,NA,brooding,Western Indo-Pacific,29.50236,29.50236,34.91881,34.91881,branching_closed,branching
A_0966,A_0966_02,Depth-dependent parental effects create invisible barriers to coral dispersal,Stylophora kuehlmanni,Stylophora,Pocilloporidae,Scleractinia,Hexacorallia,2.777273,0.2870274,NA,NA,brooding,Western Indo-Pacific,29.50236,29.50236,34.91881,34.91881,branching_closed,branching
A_0966,A_0966_03,Depth-dependent parental effects create invisible barriers to coral dispersal,Rhytisma fulvum,Rhytisma,Lemnaliidae,Malacalcyonacea,Octocorallia,2,0.1929311,NA,NA,brooding,Western Indo-Pacific,29.50236,29.50236,34.91881,34.91881,horizontal unbranched,horizontal unbranched
A_0966,A_0966_04,Depth-dependent parental effects create invisible barriers to coral dispersal,Rhytisma fulvum,Rhytisma,Lemnaliidae,Malacalcyonacea,Octocorallia,2.992857,0.242142,NA,NA,brooding,Western Indo-Pacific,29.50236,29.50236,34.91881,34.91881,horizontal unbranched,horizontal unbranched
A_1217,A_1217_01,"Observations of synchronized spawning, larval survival and settlement in corals of the genus Acropora in Lakshadweep, India",Acropora muricata,Acropora,Acroporidae,Scleractinia,Hexacorallia,14.94737,0.4681286,NA,NA,broadcasting,Western Indo-Pacific,10.573,10.573,72.63,72.63,branching_open,branching
A_1217,A_1217_02,"Observations of synchronized spawning, larval survival and settlement in corals of the genus Acropora in Lakshadweep, India",Acropora cytherea,Acropora,Acroporidae,Scleractinia,Hexacorallia,16.81818,0.3872221,NA,NA,broadcasting,Western Indo-Pacific,10.573,10.573,72.63,72.63,tables_or_plates,plating
A_2162,A_2162_01,Photo-movement of coral larvae influences vertical positioning in the ocean,Pocillopora verrucosa,Pocillopora,Pocilloporidae,Scleractinia,Hexacorallia,NA,NA,19.86478,0.5237192,broadcasting,Central Indo-Pacific,22.626,22.686,121.459,121.516,branching_closed,branching
A_2741,A_2741,Parental bleaching susceptibility leads to differences in larval fluorescence and dispersal potential in Pocillopora acuta corals,Pocillopora acuta,Pocillopora,Pocilloporidae,Scleractinia,Hexacorallia,NA,NA,4.270588,0.5953631,brooding,Eastern Indo-Pacific,-17.488,-17.488,-149.884,-149.884,branching_closed,branching
A_0695,A_0695_01,Larval longevity and competency patterns of Caribbean reef-building corals,Acropora cervicornis,Acropora,Acroporidae,Scleractinia,Hexacorallia,14.45680719,1.498118501,12.7,2.641759,broadcasting,Tropical Atlantic,NA,NA,NA,NA,branching_open,branching
A_0695,A_0695_02,Larval longevity and competency patterns of Caribbean reef-building corals,Acropora palmata,Acropora,Acroporidae,Scleractinia,Hexacorallia,13.01668378,1.909316447,21.96154,2.623844,broadcasting,Tropical Atlantic,25.01,25.143,-80.258,-80.375,branching_open,branching
A_0695,A_0695_03,Larval longevity and competency patterns of Caribbean reef-building corals,Orbicella faveolata,Orbicella,Merulinidae,Scleractinia,Hexacorallia,14.98715596,2.743073292,9.9,0.792711,broadcasting,Tropical Atlantic,25.018,25.14,-80.294,-80.368,massive,domed
A_2747,A_2747_01,Settlement dynamics and recruitment responses of Mediterranean gorgonians larvae to different crustose coralline algae species,Eunicella singularis,Eunicella,Eunicellidae,Malacalcyonacea,Octocorallia,35.10074,0.5681321,NA,NA,brooding,Temperate Northern Atlantic,42.427,42.492,3.123,3.283,erect branched,erect branched
A_2747,A_2747_02,Settlement dynamics and recruitment responses of Mediterranean gorgonians larvae to different crustose coralline algae species,Paramuricea clavata,Paramuricea,Acanthogorgiidae,Malacalcyonacea,Octocorallia,29.89384,0.2165657,NA,NA,brooding,Temperate Northern Atlantic,42.427,42.492,3.123,3.283,erect branched,erect branched
A_2747,A_2747_03,Settlement dynamics and recruitment responses of Mediterranean gorgonians larvae to different crustose coralline algae species,Corallium rubrum,Corallium,Coralliidae,Scleralcyonacea,Octocorallia,50.90943,0.3122222,NA,NA,brooding,Temperate Northern Atlantic,42.427,42.492,3.123,3.283,erect branched,erect branched
A_3327,A_3327,"Life-history traits of Tubastraea coccinea: Reproduction, development, and larval competence",Tubastraea coccinea,Tubastraea,Dendrophylliidae,Scleractinia,Hexacorallia,12.98113,0.8783011,NA,NA,brooding,Temperate South America,-23.7722222,-23.7722222,-45.3555556,-45.3555556,domed,domed
A_0302,A_0302,High-frequency sampling and piecewise models reshape dispersal kernels of a common reef coral,Acropora tenuis,Acropora,Acroporidae,Scleractinia,Hexacorallia,52.984,0.8567803,2.5,0.07861635,broadcasting,Central Indo-Pacific,-18.61583,-18.61583,146.49694,146.49694,corymbose,branching
A_1346,A_1346_01,Temperature-driven secondary competence windows may increase the dispersal potential of invasive sun corals,Tubastraea tagusensis,Tubastraea,Dendrophylliidae,Scleractinia,Hexacorallia,15.34,1.01,17.78,1.66,brooding,Temperate South America,-23.799,-23.799,-45.157,-45.157,domed,domed
A_1346,A_1346_02,Temperature-driven secondary competence windows may increase the dispersal potential of invasive sun corals,Tubastraea tagusensis,Tubastraea,Dendrophylliidae,Scleractinia,Hexacorallia,17,0.99,12.16,1.12,brooding,Temperate South America,-23.799,-23.799,-45.157,-45.157,domed,domed
A_2456,A_2456,Molecular characterization of larval development from fertilization to metamorphosis in a reef-building coral,Acropora millepora,Acropora,Acroporidae,Scleractinia,Hexacorallia,8.727475,0.1240869,NA,NA,broadcasting,Central Indo-Pacific,-18.725,-13.607,143.563,146.542,corymbose,branching
A_0039,A_0039_01,Modeled differences of coral life-history traits influence the refugium potential of a remote Caribbean reef,Orbicella franksi,Orbicella,Merulinidae,Scleractinia,Hexacorallia,93.01274038,2.984537761,NA,NA,broadcasting,Tropical Atlantic,18,30.7,-97.7,-78.9,massive,domed
A_0039,A_0039_02,Modeled differences of coral life-history traits influence the refugium potential of a remote Caribbean reef,Pseudodiploria strigosa,Pseudodiploria,Faviidae,Scleractinia,Hexacorallia,4.824324324,0.238338948,NA,NA,broadcasting,Tropical Atlantic,18,30.7,-97.7,-78.9,massive,domed
A_1356,A_1356,Uncoupling temperature-dependent mortality from lipid depletion for scleractinian coral larvae,Acropora tenuis,Acropora,Acroporidae,Scleractinia,Hexacorallia,NA,NA,33.6,0.69,broadcasting,Central Indo-Pacific,-18.61,-18.61,146.48,146.48,corymbose,branching
A_1049,A_1049,Groups travel further: pelagic metamorphosis and polyp clustering allow higher dispersal potential in sun coral propagules,Tubastraea coccinea,Tubastraea,Dendrophylliidae,Scleractinia,Hexacorallia,NA,NA,35.21,4.0684,brooding,Temperate South America,-23.80306,-23.80306,-45.13917,-45.13917,domed,domed
A_0030,A_0030_01,Rapid declines in metabolism explain extended coral larval longevity,Acropora tenuis,Acropora,Acroporidae,Scleractinia,Hexacorallia,17.66,1.516144649,NA,NA,broadcasting,Central Indo-Pacific,-18.61583,-18.61583,146.49694,146.49694,corymbose,branching
A_0030,A_0030_02,Rapid declines in metabolism explain extended coral larval longevity,Acropora nasuta,Acropora,Acroporidae,Scleractinia,Hexacorallia,11.41,0.420366424,NA,NA,broadcasting,Central Indo-Pacific,-18.61583,-18.61583,146.49694,146.49694,corymbose,branching
A_0030,A_0030_03,Rapid declines in metabolism explain extended coral larval longevity,Acropora spathulata,Acropora,Acroporidae,Scleractinia,Hexacorallia,10.04,0.408702468,6.362,0.267,broadcasting,Central Indo-Pacific,-18.61583,-18.61583,146.49694,146.49694,corymbose,branching
A_0030,A_0030_04,Rapid declines in metabolism explain extended coral larval longevity,Coelastrea aspera,Coelastrea,Merulinidae,Scleractinia,Hexacorallia,22.29,0.89308345,NA,NA,broadcasting,Central Indo-Pacific,-18.61583,-18.61583,146.49694,146.49694,massive,domed
A_0311,A_0311_02,Vertical connectivity in mesophotic coral ecosystems,Porites astreoides,Porites,Poritidae,Scleractinia,Hexacorallia,NA,NA,5.893333,0.2456142,brooding,Tropical Atlantic,18.17,18.36,-65.1,-64.81,massive,domed
A_0909,A_0909_01,Synthesizing larval competence dynamics and reef-scale retention reveals a high potential for self-recruitment in corals,Acropora gemmifera,Acropora,Acroporidae,Scleractinia,Hexacorallia,4.43,0.098480078,5.464481,0.196890583,broadcasting,Central Indo-Pacific,-18.68,-18.56,146.48,146.52,digitate,branching
A_0909,A_0909_02,Synthesizing larval competence dynamics and reef-scale retention reveals a high potential for self-recruitment in corals,Acropora humilis,Acropora,Acroporidae,Scleractinia,Hexacorallia,4.71,0.569968,7.251632,0.642427,broadcasting,Central Indo-Pacific,-18.68,-18.56,146.48,146.52,digitate,branching
A_0909,A_0909_03,Synthesizing larval competence dynamics and reef-scale retention reveals a high potential for self-recruitment in corals,Acropora millepora,Acropora,Acroporidae,Scleractinia,Hexacorallia,6.4,0.150431,18.51852,1.431147,broadcasting,Central Indo-Pacific,-18.68,-18.56,146.48,146.52,corymbose,branching
A_0909,A_0909_04,Synthesizing larval competence dynamics and reef-scale retention reveals a high potential for self-recruitment in corals,Acropora valida,Acropora,Acroporidae,Scleractinia,Hexacorallia,3.07,0.502216,8.264463,0.778489,broadcasting,Central Indo-Pacific,-18.68,-18.56,146.48,146.52,corymbose,branching
A_0909,A_0909_05,Synthesizing larval competence dynamics and reef-scale retention reveals a high potential for self-recruitment in corals,Goniastrea retiformis,Goniastrea,Merulinidae,Scleractinia,Hexacorallia,3.85,0.251793,31.94888,4.550315,broadcasting,Central Indo-Pacific,-18.68,-18.56,146.48,146.52,massive,domed
A_0909,A_0909_06,Synthesizing larval competence dynamics and reef-scale retention reveals a high potential for self-recruitment in corals,Platygyra daedalea,Platygyra,Merulinidae,Scleractinia,Hexacorallia,5.33,0.116912,39.21569,5.454484,broadcasting,Central Indo-Pacific,-18.68,-18.56,146.48,146.52,massive,domed
A_0909,A_0909_07,Synthesizing larval competence dynamics and reef-scale retention reveals a high potential for self-recruitment in corals,Seriatopora hystrix,Seriatopora,Pocilloporidae,Scleractinia,Hexacorallia,0.69,0.113257,2.624672,3.622058,brooding,aquarium_culture,NA,NA,NA,NA,branching_closed,branching
A_0909,A_0909_08,Synthesizing larval competence dynamics and reef-scale retention reveals a high potential for self-recruitment in corals,Stylophora pistillata,Stylophora,Pocilloporidae,Scleractinia,Hexacorallia,0.58,0.063032,2.604167,1.471468,brooding,aquarium_culture,NA,NA,NA,NA,branching_closed,branching
A_1596,A_1596_01,Temperature affects the early life history stages of corals more than near future ocean acidification,Acropora tenuis,Acropora,Acroporidae,Scleractinia,Hexacorallia,NA,NA,5.62142,0.755633,broadcasting,Central Indo-Pacific,-19.15,-19.15,146.833,146.833,corymbose,branching
A_2324,A_2324_01,Reduced salinity decreases the fertilization success and larval survival of two scleractinian coral species,Platygyra daedalea,Platygyra,Merulinidae,Scleractinia,Hexacorallia,NA,NA,13,0.5803571,broadcasting,Central Indo-Pacific,-23.43,-23.43,151.95,151.95,massive,domed
A_2324,A_2324_02,Reduced salinity decreases the fertilization success and larval survival of two scleractinian coral species,Acropora millepora,Acropora,Acroporidae,Scleractinia,Hexacorallia,NA,NA,11,1.322279,broadcasting,Central Indo-Pacific,-23.43,-23.43,151.95,151.95,corymbose,branching
A_3740,A_3740_01,"Toxicity of Deepwater Horizon Source Oil and the Chemical Dispersant, Corexit® 9500, to Coral Larvae",Porites astreoides,Porites,Poritidae,Scleractinia,Hexacorallia,1.404786,0.8619496,NA,NA,brooding,Tropical Atlantic,24.56,24.56,-81.5,-81.5,massive,domed
A_1190,A_1190_01,Vertical distribution and settlement competencies in broadcast spawning coral larvae: Implications for dispersal models,Pectinia lactuca,Pectinia,Merulinidae,Scleractinia,Hexacorallia,7.29953,0.1124166,NA,NA,broadcasting,Central Indo-Pacific,1.16,1.2236,103.7408,103.8606,encrusting,domed
A_1190,A_1190_02,Vertical distribution and settlement competencies in broadcast spawning coral larvae: Implications for dispersal models,Platygyra sinensis,Platygyra,Merulinidae,Scleractinia,Hexacorallia,6.000474,0.0953957,NA,NA,broadcasting,Central Indo-Pacific,1.16,1.2236,103.7408,103.8606,massive,domed
A_2134,A_2134_01,"Rapid in situ settlement following spawning by Acropora corals at Ishigaki, southern Japan",Acropora tenuis,Acropora,Acroporidae,Scleractinia,Hexacorallia,7.1,0.4582576,NA,NA,broadcasting,Central Indo-Pacific,24.45,24.45,124.2,124.2,corymbose,branching
A_2134,A_2134_02,"Rapid in situ settlement following spawning by Acropora corals at Ishigaki, southern Japan",Acropora digitifera,Acropora,Acroporidae,Scleractinia,Hexacorallia,30.92857,10.18859,NA,NA,broadcasting,Central Indo-Pacific,24.45,24.45,124.2,124.2,digitate,branching
A_2134,A_2134_03,"Rapid in situ settlement following spawning by Acropora corals at Ishigaki, southern Japan",Acropora nasuta,Acropora,Acroporidae,Scleractinia,Hexacorallia,14.31707,3.324235,NA,NA,broadcasting,Central Indo-Pacific,24.45,24.45,124.2,124.2,corymbose,branching
A_2134,A_2134_04,"Rapid in situ settlement following spawning by Acropora corals at Ishigaki, southern Japan",Acropora hyacinthus,Acropora,Acroporidae,Scleractinia,Hexacorallia,23.67442,4.826757,NA,NA,broadcasting,Central Indo-Pacific,24.45,24.45,124.2,124.2,tables_or_plates,plating
A_2134,A_2134_05,"Rapid in situ settlement following spawning by Acropora corals at Ishigaki, southern Japan",Acropora cytherea,Acropora,Acroporidae,Scleractinia,Hexacorallia,7.625,0.6797452,NA,NA,broadcasting,Central Indo-Pacific,24.45,24.45,124.2,124.2,tables_or_plates,plating
A_2134,A_2134_07,"Rapid in situ settlement following spawning by Acropora corals at Ishigaki, southern Japan",Acropora intermedia,Acropora,Acroporidae,Scleractinia,Hexacorallia,13.78571,5.794255,NA,NA,broadcasting,Central Indo-Pacific,24.45,24.45,124.2,124.2,branching_open,branching
A_2134,A_2134_08,"Rapid in situ settlement following spawning by Acropora corals at Ishigaki, southern Japan",Acropora humilis,Acropora,Acroporidae,Scleractinia,Hexacorallia,13.78571,5.794255,NA,NA,broadcasting,Central Indo-Pacific,24.45,24.45,124.2,124.2,digitate,branching
A_2868,A_2868_01,Survival Dynamics of Reef Coral Larvae With Special Consideration of Larval Size and the Genus Acropora,Acropora hyacinthus,Acropora,Acroporidae,Scleractinia,Hexacorallia,NA,NA,23.7456,0.7572148,broadcasting,Temperate Northern Pacific,32.77889,32.77889,132.7325,132.7325,tables_or_plates,plating
A_2868,A_2868_02,Survival Dynamics of Reef Coral Larvae With Special Consideration of Larval Size and the Genus Acropora,Acropora japonica,Acropora,Acroporidae,Scleractinia,Hexacorallia,NA,NA,28.6148,4.124417,broadcasting,Temperate Northern Pacific,32.77889,32.77889,132.7325,132.7325,tables_or_plates,plating
A_2868,A_2868_03,Survival Dynamics of Reef Coral Larvae With Special Consideration of Larval Size and the Genus Acropora,Acropora solitaryensis,Acropora,Acroporidae,Scleractinia,Hexacorallia,NA,NA,23.8441,0.350727,broadcasting,Temperate Northern Pacific,32.77889,32.77889,132.7325,132.7325,tables_or_plates,plating
A_2868,A_2868_04,Survival Dynamics of Reef Coral Larvae With Special Consideration of Larval Size and the Genus Acropora,Goniastrea pectinata,Goniastrea,Merulinidae,Scleractinia,Hexacorallia,NA,NA,37.62399,0.7465666,broadcasting,Temperate Northern Pacific,32.77889,32.77889,132.7325,132.7325,submassive,domed
A_0254,A_0254_01,Estimating dispersal potential for marine larvae: dynamic models applied to scleractinian corals,Acropora millepora,Acropora,Acroporidae,Scleractinia,Hexacorallia,23.239,2.473206056,23.25581395,1.580023903,broadcasting,Central Indo-Pacific,-18.61583,-18.61583,146.49694,146.49694,corymbose,branching
A_0254,A_0254_02,Estimating dispersal potential for marine larvae: dynamic models applied to scleractinian corals,Acropora valida,Acropora,Acroporidae,Scleractinia,Hexacorallia,32.25806452,2.362055934,52.63157895,10.16711032,broadcasting,Central Indo-Pacific,-18.61583,-18.61583,146.49694,146.49694,corymbose,branching
A_0254,A_0254_03,Estimating dispersal potential for marine larvae: dynamic models applied to scleractinian corals,Acropora gemmifera,Acropora,Acroporidae,Scleractinia,Hexacorallia,10.36755172,1.232005372,14.92537313,0.404923872,broadcasting,Central Indo-Pacific,-18.61583,-18.61583,146.49694,146.49694,digitate,branching
A_0254,A_0254_04,Estimating dispersal potential for marine larvae: dynamic models applied to scleractinian corals,Goniastrea retiformis,Goniastrea,Merulinidae,Scleractinia,Hexacorallia,10.41666667,0.582171578,11.49425287,0.300670293,broadcasting,Central Indo-Pacific,-18.61583,-18.61583,146.49694,146.49694,massive,domed
A_0254,A_0254_05,Estimating dispersal potential for marine larvae: dynamic models applied to scleractinian corals,Platygyra daedalea,Platygyra,Merulinidae,Scleractinia,Hexacorallia,13.0380101,2.689654137,16.66666667,0.630746806,broadcasting,Central Indo-Pacific,-18.61583,-18.61583,146.49694,146.49694,massive,domed
A_1101,A_1101,Reproduction and phylogeography of two scleractinian corals in the Western Atlantic,Favia fragum,Favia,Faviidae,Scleractinia,Hexacorallia,0.9483012,0.05156541,NA,NA,brooding,Tropical Atlantic,31.365,31.365,-64.7391667,-64.7391667,massive,domed
A_2893,A_2893_01,Reproductive biology of deep-sea corals in the Newfoundland and Labrador region.,Drifa glomerata,Drifa,Capnellidae,Malacalcyonacea,Octocorallia,41.3,3.9,NA,NA,brooding,Temperate Northern Atlantic,44.21778,44.97667,-55.56139,-53.12056,erect branched,erect branched
A_2893,A_2893_02,Reproductive biology of deep-sea corals in the Newfoundland and Labrador region.,Drifa glomerata,Drifa,Capnellidae,Malacalcyonacea,Octocorallia,12.6,2.2,NA,NA,brooding,Temperate Northern Atlantic,44.21778,44.97667,-55.56139,-53.12056,erect branched,erect branched
A_2893,A_2893_03,Reproductive biology of deep-sea corals in the Newfoundland and Labrador region.,Drifa glomerata,Drifa,Capnellidae,Malacalcyonacea,Octocorallia,13.4,2.9,NA,NA,brooding,Temperate Northern Atlantic,44.21778,44.97667,-55.56139,-53.12056,erect branched,erect branched
A_2893,A_2893_04,Reproductive biology of deep-sea corals in the Newfoundland and Labrador region.,Gersemia fruticosa,Gersemia,Alcyoniidae,Malacalcyonacea,Octocorallia,27.7,4.6,NA,NA,brooding,Temperate Northern Atlantic,44.21778,44.97667,-55.56139,-53.12056,erect branched,erect branched
A_0350,A_0350_01,Survival dynamics of scleractinian coral larvae and implications for dispersal,Acropora latistella,Acropora,Acroporidae,Scleractinia,Hexacorallia,NA,NA,5.061548,0.1605443,broadcasting,Central Indo-Pacific,-19.15,-18.767,146.25,146.85,corymbose,branching
A_0350,A_0350_02,Survival dynamics of scleractinian coral larvae and implications for dispersal,Pectinia paeonia,Pectinia,Merulinidae,Scleractinia,Hexacorallia,NA,NA,59.53006,1.611636,broadcasting,Central Indo-Pacific,-19.15,-18.767,146.25,146.85,laminar,plating
A_0350,A_0350_03,Survival dynamics of scleractinian coral larvae and implications for dispersal,Coelastrea aspera,Coelastrea,Merulinidae,Scleractinia,Hexacorallia,NA,NA,136.4577,1.411121,broadcasting,Central Indo-Pacific,-19.15,-18.767,146.25,146.85,massive,domed
A_0350,A_0350_04,Survival dynamics of scleractinian coral larvae and implications for dispersal,Favites magnistellata,Favites,Montastraeidae,Scleractinia,Hexacorallia,NA,NA,123.9635,1.789746,broadcasting,Central Indo-Pacific,-19.15,-18.767,146.25,146.85,massive,domed
A_0350,A_0350_05,Survival dynamics of scleractinian coral larvae and implications for dispersal,Dipsastraea pallida,Dipsastraea,Faviidae,Scleractinia,Hexacorallia,NA,NA,25.57686,1.021919,broadcasting,Central Indo-Pacific,-19.15,-18.767,146.25,146.85,massive,domed
A_2477,A_2477,Early life history of the Mediterranean gorgonian Paramuricea clavata:: implications for population dynamics,Paramuricea clavata,Paramuricea,Acanthogorgiidae,Malacalcyonacea,Octocorallia,22.15385,1.701606,NA,NA,brooding,Temperate Northern Atlantic,42.033,42.033,3.217,3.217,erect branched,erect branched
A_3946,A_3946_01,Temporal patterns of larval settlement and survivorship of two broadcast-spawning acroporid corals,Acropora valida,Acropora,Acroporidae,Scleractinia,Hexacorallia,7.747423,0.093744546,18.90955,0.1191602,broadcasting,Central Indo-Pacific,-23.5,-23.5,151.9,151.9,corymbose,branching
A_3946,A_3946_02,Temporal patterns of larval settlement and survivorship of two broadcast-spawning acroporid corals,Acropora muricata,Acropora,Acroporidae,Scleractinia,Hexacorallia,7.497524752,0.049107967,21.34526,0.1411247,broadcasting,Central Indo-Pacific,-23.5,-23.5,151.9,151.9,branching_open,branching
A_1395,A_1395,Coral planulae as dispersion vehicles: biological properties of larvae released early and late in the season,Stylophora pistillata,Stylophora,Pocilloporidae,Scleractinia,Hexacorallia,6.277705,0.04082303,NA,NA,brooding,Western Indo-Pacific,29.5575,29.5575,34.95167,34.95167,branching_closed,branching
A_2481,A_2481_01,"Temporal changes in settlement, lipid content and lipid composition of larvae of the spawning hermatypic coral Acropora tenuis",Acropora tenuis,Acropora,Acroporidae,Scleractinia,Hexacorallia,10.51073,0.4710861,NA,NA,broadcasting,Central Indo-Pacific,26.17,26.22,127.26,127.31,corymbose,branching
A_1059,A_1059,"Pelagic conditions affect larval behavior, survival, and settlement patterns in the Caribbean coral Montastraea faveolata",Orbicella faveolata,Orbicella,Montastraeidae,Scleractinia,Hexacorallia,19.93586,0.100871,NA,NA,broadcasting,Tropical Atlantic,25.12,25.12,-80.28,-80.28,massive,domed
A_2915,A_2915_01,"Reproduction and recruitment of scleractinian corals in a high-latitude coral community, Amakusa, southwestern Japan",Acropora solitaryensis,Acropora,Acroporidae,Scleractinia,Hexacorallia,6.796875,0.1053155,NA,NA,broadcasting,Temperate Northern Pacific,32.17,32.17,130.03,130.03,tables_or_plates,plating
A_2915,A_2915_02,"Reproduction and recruitment of scleractinian corals in a high-latitude coral community, Amakusa, southwestern Japan",Cyphastrea serailia,Cyphastrea,Merulinidae,Scleractinia,Hexacorallia,4.461905,0.0989607,NA,NA,broadcasting,Temperate Northern Pacific,32.17,32.17,130.03,130.03,massive,domed
A_2915,A_2915_03,"Reproduction and recruitment of scleractinian corals in a high-latitude coral community, Amakusa, southwestern Japan",Dipsastraea favus,Dipsastraea,Faviidae,Scleractinia,Hexacorallia,4.665138,0.09434765,NA,NA,broadcasting,Temperate Northern Pacific,32.17,32.17,130.03,130.03,massive,domed
A_1220,A_1220,Settlement-competency period of planulae and genetic differentiation of the scleractinian coral Acropora digitifera,Acropora digitifera,Acropora,Acroporidae,Scleractinia,Hexacorallia,6.746441,0.0754101,22.81,0.334296,broadcasting,Central Indo-Pacific,26.19,26.19,127.27,127.27,digitate,branching
A_1511,A_1511_01,"Temporal settlement patterns of larvae of the broadcast spawning reef coral Favites chinensis and the broadcast spawning and brooding reef coral Goniastrea aspera from Okinawa, Japan",Favites chinensis,Favites,Merulinidae,Scleractinia,Hexacorallia,3.324561,0.05570713,34.03333,0.2989918,broadcasting,Central Indo-Pacific,26.63,26.63,127.87,127.87,massive,domed
A_1511,A_1511_02,"Temporal settlement patterns of larvae of the broadcast spawning reef coral Favites chinensis and the broadcast spawning and brooding reef coral Goniastrea aspera from Okinawa, Japan",Coelastrea aspera,Coelastrea,Merulinidae,Scleractinia,Hexacorallia,14.58187,0.3239914,16.775,0.1196028,broadcasting,Central Indo-Pacific,26.63,26.63,127.87,127.87,massive,domed
A_1511,A_1511_03,"Temporal settlement patterns of larvae of the broadcast spawning reef coral Favites chinensis and the broadcast spawning and brooding reef coral Goniastrea aspera from Okinawa, Japan",Coelastrea aspera,Coelastrea,Merulinidae,Scleractinia,Hexacorallia,1.641847,0.05463621,NA,NA,brooding,Central Indo-Pacific,26.63,26.63,127.87,127.87,massive,domed
A_1811,A_1811_01,Larval settlement rates and gene flow of broadcast-spawning (Acropora tenuis) and planula-brooding (Stylophora pistillata) corals,Acropora tenuis,Acropora,Acroporidae,Scleractinia,Hexacorallia,7.422156,0.07165866,31.82233,0.373923,broadcasting,Central Indo-Pacific,26.71,26.71,127.88,127.88,corymbose,branching
A_1811,A_1811_02,Larval settlement rates and gene flow of broadcast-spawning (Acropora tenuis) and planula-brooding (Stylophora pistillata) corals,Stylophora pistillata,Stylophora,Pocilloporidae,Scleractinia,Hexacorallia,1.604265,0.04854292,15.1225,0.3475529,broadcasting,Central Indo-Pacific,26.69,26.69,128.01,128.01,branching_closed,branching
A_4128,A_4128_01,Rapid settlement in broadcast spawning corals: implications for larval dispersal,Platygyra daedalea,Platygyra,Merulinidae,Scleractinia,Hexacorallia,6.288712,0.06640728,NA,NA,broadcasting,Central Indo-Pacific,-23.48,-23.48,152.05,152.05,massive,domed
A_4128,A_4128_02,Rapid settlement in broadcast spawning corals: implications for larval dispersal,Goniastrea favulus,Goniastrea,Merulinidae,Scleractinia,Hexacorallia,3.278494,0.005366804,NA,NA,broadcasting,Central Indo-Pacific,-23.48,-23.48,152.05,152.05,massive,domed
A_2950,A_2950_01,"Larval survivorship, competency periods and settlement of two brooding corals, Heliopora coerulea and Pocillopora damicornis",Heliopora coerulea,Heliopora,Helioporidae,Scleralcyonacea,Octocorallia,5.165584416,0.320501668,NA,NA,brooding,Temperate Northern Pacific,24.35833,24.35833,124.25,124.25,massive,horizontal unbranched
A_2950,A_2950_02,"Larval survivorship, competency periods and settlement of two brooding corals, Heliopora coerulea and Pocillopora damicornis",Pocillopora damicornis,Pocillopora,Pocilloporidae,Scleractinia,Hexacorallia,22.54277055,1.155516791,NA,NA,brooding,Temperate Northern Pacific,24.35833,24.35833,124.25,124.25,branching_closed,branching
A_4179,A_4179,"Larval settlement patterns, dispersal potential, and the effect of temperature on settlement of larvae of the reef coral, Platygyra daedalea, from the Great Barrier Reef.",Platygyra daedalea,Platygyra,Merulinidae,Scleractinia,Hexacorallia,28.28039,0.2974324,NA,NA,broadcasting,Central Indo-Pacific,-23.4,-23.4,151.9,151.9,massive,domed
A_1453,A_1453_01,Size variation of planulae and its effect on the lifetime of planulae in three pocilloporid corals,Pocillopora damicornis,Pocillopora,Pocilloporidae,Scleractinia,Hexacorallia,0.8075,0.0499,NA,NA,brooding,Central Indo-Pacific,26.64,26.64,127.87,127.87,branching_closed,branching
A_1453,A_1453_02,Size variation of planulae and its effect on the lifetime of planulae in three pocilloporid corals,Seriatopora hystrix,Seriatopora,Pocilloporidae,Scleractinia,Hexacorallia,0.7877,0.0556,NA,NA,brooding,Central Indo-Pacific,26.64,26.64,127.87,127.87,branching_closed,branching
A_1453,A_1453_03,Size variation of planulae and its effect on the lifetime of planulae in three pocilloporid corals,Stylophora pistillata,Stylophora,Pocilloporidae,Scleractinia,Hexacorallia,0.9008,0.0618,NA,NA,brooding,Central Indo-Pacific,26.64,26.64,127.87,127.87,branching_closed,branching
A_2972,A_2972_01,Toxicity of third generation dispersants and dispersed Egyptian crude oil on red sea coral larvae,Stylophora pistillata,Stylophora,Pocilloporidae,Scleractinia,Hexacorallia,2.304502,0.364685,NA,NA,brooding,Western Indo-Pacific,29.5,29.5,34.92,34.92,branching_closed,branching
A_0434,A_0434,"Embryogenesis, planulae longevity, and competence in the octocoral Dendronephthya hemprichi",Dendronephthya hemprichi,Dendronephthya,Nephtheidae,Malacalcyonacea,Octocorallia,20.40511,1.095351,68.08538,0.7003571,broadcasting,Western Indo-Pacific,29.5,29.5,34.9,34.9,erect branched,erect branched
A_0986,A_0986_01,Settlement-competency periods of larvae of three species of scleractinian corals,Cyphastrea serailia,Cyphastrea,Merulinidae,Scleractinia,Hexacorallia,12.20084866,0.032704515,NA,NA,broadcasting,Temperate Australasia,-30.333,-29.833,153.08333,153.5,massive,domed
A_0986,A_0986_02,Settlement-competency periods of larvae of three species of scleractinian corals,Micromussa lordhowensis,Micromussa,Lobophylliidae,Scleractinia,Hexacorallia,23.98371336,0.337044592,NA,NA,broadcasting,Temperate Australasia,-30.333,-29.833,153.08333,153.5,massive,domed
A_2106,A_2106_01,Competence and longevity in planulae of several species of soft corals,Rhytisma fulvum,Rhytisma,Lemnaliidae,Malacalcyonacea,Octocorallia,30.62001,0.1662626,21.55111,0.2042387,brooding,Western Indo-Pacific,29.5,29.5,34.92,34.92,horizontal unbranched,horizontal unbranched
A_2106,A_2106_02,Competence and longevity in planulae of several species of soft corals,Dendronephthya hemprichi,Dendronephthya,Nephtheidae,Malacalcyonacea,Octocorallia,38.48229,0.734225,38.16185,0.6747401,broadcasting,Western Indo-Pacific,29.5,29.5,34.92,34.92,erect branched,erect branched
A_2106,A_2106_03,Competence and longevity in planulae of several species of soft corals,Litophyton arboreum,Litophyton,Nephtheidae,Malacalcyonacea,Octocorallia,26.92623,0.3032274,43.87771,0.5212718,brooding,Western Indo-Pacific,29.5,29.5,34.92,34.92,erect branched,erect branched
A_2106,A_2106_04,Competence and longevity in planulae of several species of soft corals,Xenia umbellata,Xenia,Xeniidae,Malacalcyonacea,Octocorallia,30.99856,0.4681183,48.27041,0.4386019,brooding,Western Indo-Pacific,29.5,29.5,34.92,34.92,"erect unbranched,erect branched",erect branched
A_3003,A_3003,"Longevity, competence and energetic content in planulae of the soft coral Heteroxenia fuscescens",Heteroxenia fuscescens,Heteroxenia,Xeniidae,Malacalcyonacea,Octocorallia,22.35387,0.1457541,32.96252,0.1432959,brooding,Western Indo-Pacific,29.5,29.5,34.92,34.92,erect branched,erect branched
A_4303,A_4303_01,An ancient chemosensory mechanism brings new life to coral reefs,Acropora nasuta,Acropora,Acroporidae,Scleractinia,Hexacorallia,8.373272,0.7693517,NA,NA,broadcasting,Central Indo-Pacific,26.1,26.3,127.2,127.5,corymbose,branching
A_4303,A_4303_02,An ancient chemosensory mechanism brings new life to coral reefs,Acropora digitifera,Acropora,Acroporidae,Scleractinia,Hexacorallia,12.38583,1.067385,NA,NA,broadcasting,Central Indo-Pacific,26.1,26.3,127.2,127.5,digitate,branching
A_4303,A_4303_03,An ancient chemosensory mechanism brings new life to coral reefs,Acropora tenuis,Acropora,Acroporidae,Scleractinia,Hexacorallia,15.25433,0.9064242,NA,NA,broadcasting,Central Indo-Pacific,26.1,26.3,127.2,127.5,corymbose,branching
A_1588,A_1588,DISPERSAL OF THE SOLITARY CORAL BALANOPHYLLIA-ELEGANS BY DEMERSAL PLANULAR LARVAE,Balanophyllia elegans,Balanophyllia,Dendrophylliidae,Scleractinia,Hexacorallia,2.7,0.462,NA,NA,brooding,Temperate Northern Pacific,32.5,33,-117.3,-117,domed,domed
